{
    "utterances": [
        {
            "text": "Can I get a card number five?",
            "entities": [
                {
                    "entity": "number:number",
                    "start": 24,
                    "end": 28,
                    "body": "five",
                    "entities": []
                }
            ],
            "traits": [],
            "intent": "number"
        },
        {
            "text": "Can I get a card number nine?",
            "entities": [
                {
                    "entity": "number:number",
                    "start": 24,
                    "end": 28,
                    "body": "nine",
                    "entities": []
                }
            ],
            "traits": [],
            "intent": "number"
        },
        {
            "text": "Can I get a flower?",
            "entities": [
                {
                    "entity": "flower:flower",
                    "start": 12,
                    "end": 18,
                    "body": "flower",
                    "entities": []
                }
            ],
            "traits": [],
            "intent": "flower"
        },
        {
            "text": "Can you make a Teddybear",
            "entities": [
                {
                    "entity": "TeddyBear:TeddyBear",
                    "start": 15,
                    "end": 24,
                    "body": "Teddybear",
                    "entities": []
                }
            ],
            "traits": [],
            "intent": "TeddyBear"
        },
        {
            "text": "Can you spawn a TeddyBear",
            "entities": [
                {
                    "entity": "TeddyBear:TeddyBear",
                    "start": 16,
                    "end": 25,
                    "body": "TeddyBear",
                    "entities": []
                }
            ],
            "traits": [],
            "intent": "TeddyBear"
        },
        {
            "text": "Can you spawn a flower",
            "entities": [
                {
                    "entity": "flower:flower",
                    "start": 16,
                    "end": 22,
                    "body": "flower",
                    "entities": []
                }
            ],
            "traits": [],
            "intent": "flower"
        },
        {
            "text": "I want to get a Octopus",
            "entities": [
                {
                    "entity": "Octopus:Octopus",
                    "start": 16,
                    "end": 23,
                    "body": "Octopus",
                    "entities": []
                }
            ],
            "traits": [],
            "intent": "Octopus"
        },
        {
            "text": "wallflow",
            "entities": [
                {
                    "entity": "wake_word:wake_word",
                    "start": 0,
                    "end": 8,
                    "body": "wallflow",
                    "entities": []
                }
            ],
            "traits": [],
            "intent": "wake_word"
        }
    ]
}
